,current_state,go_in_elevator_time,go_out_elevator_time,goin_duration,goin_rollback_duration,goout_duration,robot_id,trip_id,date
0,go in elevator,2020-01-19 17:21:52.141,,,44.96,,EVT6-2-12,0,2020-01-19 17:21:52.141
1,go in elevator,2020-01-19 17:23:27.307,,,20.52,,EVT6-2-12,0,2020-01-19 17:23:27.307
2,go out elevator,2020-01-19 17:24:38.438,2020-01-19 17:25:10.502,15.989,,23.278,EVT6-2-12,0,2020-01-19 17:24:38.438
3,go in elevator,2020-01-19 17:27:40.815,,,22.886,,EVT6-2-12,1,2020-01-19 17:27:40.815
4,go in elevator,2020-01-19 17:28:47.952,,,20.989,,EVT6-2-12,1,2020-01-19 17:28:47.952
5,go in elevator,2020-01-19 17:29:59.078,,,23.242,,EVT6-2-12,1,2020-01-19 17:29:59.078
6,go in elevator,2020-01-19 17:31:06.186,,,21.118,,EVT6-2-12,1,2020-01-19 17:31:06.186
7,go in elevator,2020-01-19 17:32:35.372,,,32.465,,EVT6-2-12,1,2020-01-19 17:32:35.372
8,go out elevator,2020-01-19 17:34:26.561,2020-01-19 17:35:10.638,14.143,,22.826999999999998,EVT6-2-12,1,2020-01-19 17:34:26.561
9,go out elevator,2020-01-19 14:19:49.869,2020-01-19 14:20:20.930,15.402,,8.873,EVT6-2-15,0,2020-01-19 14:19:49.869
10,go out elevator,2020-01-19 14:22:57.206,2020-01-19 14:23:26.262,14.085,,10.658,EVT6-2-15,1,2020-01-19 14:22:57.206
11,go in elevator,2020-01-19 16:09:45.250,,,20.5,,EVT6-2-15,2,2020-01-19 16:09:45.250
12,go in elevator,2020-01-19 16:10:51.351,,,28.172,,EVT6-2-15,2,2020-01-19 16:10:51.351
13,go in elevator,2020-01-19 16:12:09.582,,,9.736,,EVT6-2-15,2,2020-01-19 16:12:09.582
14,go in elevator,2020-01-19 16:13:02.677,,,19.588,,EVT6-2-15,2,2020-01-19 16:13:02.677
15,go in elevator,2020-01-19 16:13:53.825,,,,,EVT6-2-15,2,2020-01-19 16:13:53.825
16,go in elevator,2020-01-19 14:06:29.263,,,5.148,,EVT6-2-16,0,2020-01-19 14:06:29.263
17,go out elevator,2020-01-19 14:07:43.607,2020-01-19 14:08:28.698,14.793,,8.818,EVT6-2-16,0,2020-01-19 14:07:43.607
18,go out elevator,2020-01-19 14:10:25.904,2020-01-19 14:10:55.961,14.434,,10.657,EVT6-2-16,1,2020-01-19 14:10:25.904
19,go out elevator,2020-01-19 14:13:28.297,2020-01-19 14:14:00.368,15.452,,20.458,EVT6-2-16,2,2020-01-19 14:13:28.297
20,go out elevator,2020-01-19 14:18:01.663,2020-01-19 14:18:33.734,16.438,,17.399,EVT6-2-16,3,2020-01-19 14:18:01.663
21,go out elevator,2020-01-19 14:21:14.024,2020-01-19 14:21:45.086,14.295,,8.185,EVT6-2-16,4,2020-01-19 14:21:14.024
22,go in elevator,2020-01-19 14:40:48.388,,,4.837,,EVT6-2-16,5,2020-01-19 14:40:48.388
23,go out elevator,2020-01-19 14:42:28.555,2020-01-19 14:43:00.625,15.995,,10.007,EVT6-2-16,5,2020-01-19 14:42:28.555
24,go out elevator,2020-01-19 14:43:42.713,2020-01-19 14:44:13.774,14.912,,8.783,EVT6-2-16,6,2020-01-19 14:43:42.713
25,go out elevator,2020-01-19 15:36:08.691,2020-01-19 15:37:04.780,16.0,,10.594,EVT6-2-16,7,2020-01-19 15:36:08.691
26,go out elevator,2020-01-19 15:42:54.510,2020-01-19 15:43:24.564,14.787,,10.773,EVT6-2-16,8,2020-01-19 15:42:54.510
27,go in elevator,2020-01-19 15:44:25.673,,,58.758,,EVT6-2-16,9,2020-01-19 15:44:25.673
28,go out elevator,2020-01-19 15:49:55.497,2020-01-19 15:50:27.549,16.155,,8.904,EVT6-2-16,9,2020-01-19 15:49:55.497
29,go out elevator,2020-01-19 16:02:16.242,2020-01-19 16:02:45.462,13.611,,9.946,EVT6-2-16,10,2020-01-19 16:02:16.242
30,go in elevator,2020-01-19 16:03:24.548,,,21.998,,EVT6-2-16,11,2020-01-19 16:03:24.548
31,go out elevator,2020-01-19 16:04:35.680,2020-01-19 16:05:07.739,14.996,,8.007,EVT6-2-16,11,2020-01-19 16:04:35.680
32,go out elevator,2020-01-19 16:07:10.933,2020-01-19 16:07:41.989,15.317,,9.795,EVT6-2-16,12,2020-01-19 16:07:10.933
33,go out elevator,2020-01-19 16:08:21.074,2020-01-19 16:08:53.141,15.808,,8.422,EVT6-2-16,13,2020-01-19 16:08:21.074
34,go out elevator,2020-01-19 16:11:32.453,2020-01-19 16:12:01.522,13.912,,11.377,EVT6-2-16,14,2020-01-19 16:11:32.453
35,go in elevator,2020-01-19 16:13:30.755,,,20.461,,EVT6-2-16,15,2020-01-19 16:13:30.755
36,go out elevator,2020-01-19 16:14:46.935,2020-01-19 16:15:31.013,27.172,,7.751,EVT6-2-16,15,2020-01-19 16:14:46.935
37,go out elevator,2020-01-19 16:33:31.663,2020-01-19 16:34:09.740,14.705,,15.164,EVT6-2-16,16,2020-01-19 16:33:31.663
38,go out elevator,2020-01-19 16:34:53.838,2020-01-19 16:35:25.905,15.6,,8.531,EVT6-2-16,17,2020-01-19 16:34:53.838
39,go out elevator,2020-01-19 16:37:40.116,2020-01-19 16:38:10.182,14.708,,10.342,EVT6-2-16,18,2020-01-19 16:37:40.116
40,go in elevator,2020-01-19 16:39:29.332,,,,,EVT6-2-16,19,2020-01-19 16:39:29.332
41,go out elevator,2020-01-19 16:47:04.138,2020-01-19 16:47:36.291,15.407,,7.77,EVT6-2-16,19,2020-01-19 16:47:04.138
42,go out elevator,2020-01-19 16:50:10.686,2020-01-19 16:50:40.742,14.377,,9.639,EVT6-2-16,20,2020-01-19 16:50:10.686
43,go out elevator,2020-01-19 16:51:19.836,2020-01-19 16:51:51.903,15.791,,8.38,EVT6-2-16,21,2020-01-19 16:51:19.836
44,go out elevator,2020-01-19 16:54:38.432,2020-01-19 16:55:28.527,16.951,,11.562,EVT6-2-16,22,2020-01-19 16:54:38.432
45,go out elevator,2020-01-19 14:05:20.056,2020-01-19 14:06:02.194,15.21,,8.016,EVT6-2-18,0,2020-01-19 14:05:20.056
46,go out elevator,2020-01-19 14:09:08.381,2020-01-19 14:09:32.843,13.268,,8.105,EVT6-2-18,1,2020-01-19 14:09:08.381
47,go out elevator,2020-01-19 14:11:45.990,2020-01-19 14:12:15.194,18.85,,8.279,EVT6-2-18,2,2020-01-19 14:11:45.990
48,go out elevator,2020-01-19 14:14:02.329,2020-01-19 14:14:28.373,15.651,,7.634,EVT6-2-18,3,2020-01-19 14:14:02.329
49,go out elevator,2020-01-19 14:16:51.902,2020-01-19 14:17:15.959,14.183,,8.534,EVT6-2-18,4,2020-01-19 14:16:51.902
50,go out elevator,2020-01-19 14:18:53.245,2020-01-19 14:19:17.286,13.949,,7.982,EVT6-2-18,5,2020-01-19 14:18:53.245
51,go out elevator,2020-01-19 14:20:49.482,2020-01-19 14:21:17.533,16.915,,8.218,EVT6-2-18,6,2020-01-19 14:20:49.482
52,go out elevator,2020-01-19 14:24:09.816,2020-01-19 14:24:33.903,13.848,,7.8469999999999995,EVT6-2-18,7,2020-01-19 14:24:09.816
53,go out elevator,2020-01-19 14:26:56.144,2020-01-19 14:27:24.198,17.88,,8.354,EVT6-2-18,8,2020-01-19 14:26:56.144
54,go out elevator,2020-01-19 14:29:30.438,2020-01-19 14:29:56.488,15.482,,9.567,EVT6-2-18,9,2020-01-19 14:29:30.438
55,go out elevator,2020-01-19 14:32:12.762,2020-01-19 14:32:37.807,14.347,,8.299,EVT6-2-18,10,2020-01-19 14:32:12.762
56,go out elevator,2020-01-19 14:34:05.028,2020-01-19 14:34:30.081,14.289,,7.529,EVT6-2-18,11,2020-01-19 14:34:05.028
57,go out elevator,2020-01-19 14:36:16.296,2020-01-19 14:36:42.418,15.617,,8.271,EVT6-2-18,12,2020-01-19 14:36:16.296
58,go out elevator,2020-01-19 14:39:53.040,2020-01-19 14:40:28.088,14.227,,7.462,EVT6-2-18,13,2020-01-19 14:39:53.040
59,go out elevator,2020-01-19 14:42:31.320,2020-01-19 14:43:01.370,17.153,,8.439,EVT6-2-18,14,2020-01-19 14:42:31.320
60,go out elevator,2020-01-19 14:45:49.936,2020-01-19 14:46:20.004,14.925,,10.811,EVT6-2-18,15,2020-01-19 14:45:49.936
61,go out elevator,2020-01-19 15:01:20.242,2020-01-19 15:01:51.368,14.935,,9.52,EVT6-2-18,16,2020-01-19 15:01:20.242
62,go out elevator,2020-01-19 15:10:50.000,2020-01-19 15:11:20.062,14.266,,10.008,EVT6-2-18,17,2020-01-19 15:10:50.000
63,go out elevator,2020-01-19 15:34:00.481,2020-01-19 15:34:31.543,14.13,,20.11,EVT6-2-18,18,2020-01-19 15:34:00.481
64,go out elevator,2020-01-19 15:37:19.847,2020-01-19 15:37:50.907,14.153,,8.384,EVT6-2-18,19,2020-01-19 15:37:19.847
65,go in elevator,2020-01-19 15:40:44.559,,,20.524,,EVT6-2-18,20,2020-01-19 15:40:44.559
66,go out elevator,2020-01-19 15:42:28.796,2020-01-19 15:43:04.860,26.335,,8.344,EVT6-2-18,20,2020-01-19 15:42:28.796
67,go out elevator,2020-01-19 15:45:38.391,2020-01-19 15:46:05.452,16.854,,8.162,EVT6-2-18,21,2020-01-19 15:45:38.391
68,go out elevator,2020-01-19 15:57:26.959,2020-01-19 15:57:59.021,21.735,,7.823,EVT6-2-18,22,2020-01-19 15:57:26.959
69,go out elevator,2020-01-19 16:00:10.279,2020-01-19 16:00:35.373,15.113,,8.871,EVT6-2-18,23,2020-01-19 16:00:10.279
70,go out elevator,2020-01-19 16:06:07.028,2020-01-19 16:06:31.075,13.625,,13.122,EVT6-2-18,24,2020-01-19 16:06:07.028
71,go out elevator,2020-01-19 16:16:02.181,2020-01-19 16:16:30.230,17.172,,8.489,EVT6-2-18,25,2020-01-19 16:16:02.181
72,go out elevator,2020-01-19 16:18:10.475,2020-01-19 16:18:34.526,13.781,,7.878,EVT6-2-18,26,2020-01-19 16:18:10.475
73,go out elevator,2020-01-19 16:20:56.933,2020-01-19 16:21:21.992,14.202,,7.856,EVT6-2-18,27,2020-01-19 16:20:56.933
74,go out elevator,2020-01-19 16:25:22.956,2020-01-19 16:25:55.013,21.945,,8.171,EVT6-2-18,28,2020-01-19 16:25:22.956
75,go out elevator,2020-01-19 16:29:43.588,2020-01-19 16:30:11.640,17.318,,8.371,EVT6-2-18,29,2020-01-19 16:29:43.588
76,go out elevator,2020-01-19 16:33:00.914,2020-01-19 16:33:25.956,14.428,,7.726,EVT6-2-18,30,2020-01-19 16:33:00.914
77,go in elevator,2020-01-19 16:35:09.150,,,16.593,,EVT6-2-18,31,2020-01-19 16:35:09.150
78,go out elevator,2020-01-19 16:36:38.341,2020-01-19 16:37:04.398,15.321,,8.536,EVT6-2-18,31,2020-01-19 16:36:38.341
79,go in elevator,2020-01-19 16:39:40.735,,,8.862,,EVT6-2-18,32,2020-01-19 16:39:40.735
80,go out elevator,2020-01-19 16:40:32.818,2020-01-19 16:40:56.865,14.106,,7.912,EVT6-2-18,32,2020-01-19 16:40:32.818
81,go out elevator,2020-01-19 16:43:08.146,2020-01-19 16:43:34.193,15.336,,29.299,EVT6-2-18,33,2020-01-19 16:43:08.146
82,go out elevator,2020-01-19 16:48:33.712,2020-01-19 16:48:58.758,14.238,,7.587,EVT6-2-18,34,2020-01-19 16:48:33.712
83,go out elevator,2020-01-19 16:50:50.951,2020-01-19 16:51:30.011,28.387,,8.428,EVT6-2-18,35,2020-01-19 16:50:50.951
84,go out elevator,2020-01-19 16:55:34.577,2020-01-19 16:56:04.682,14.084,,9.782,EVT6-2-18,36,2020-01-19 16:55:34.577
85,go out elevator,2020-01-19 18:10:19.232,2020-01-19 18:10:50.293,14.919,,8.59,EVT6-2-18,37,2020-01-19 18:10:19.232
86,go out elevator,2020-01-19 14:11:35.110,2020-01-19 14:12:06.176,15.065,,8.354,EVT6-2-22,0,2020-01-19 14:11:35.110
87,go out elevator,2020-01-19 14:15:18.750,2020-01-19 14:15:41.792,12.733,,7.585,EVT6-2-22,1,2020-01-19 14:15:18.750
88,go out elevator,2020-01-19 14:17:43.037,2020-01-19 14:18:09.090,14.25,,7.6850000000000005,EVT6-2-22,2,2020-01-19 14:17:43.037
89,go out elevator,2020-01-19 14:19:44.360,2020-01-19 14:20:15.417,14.298,,8.121,EVT6-2-22,3,2020-01-19 14:19:44.360
90,go out elevator,2020-01-19 14:23:47.748,2020-01-19 14:24:14.860,17.243,,8.849,EVT6-2-22,4,2020-01-19 14:23:47.748
91,go out elevator,2020-01-19 14:26:05.019,2020-01-19 14:26:28.069,12.722,,7.395,EVT6-2-22,5,2020-01-19 14:26:05.019
92,go out elevator,2020-01-19 14:28:29.308,2020-01-19 14:28:55.363,15.675,,8.28,EVT6-2-22,6,2020-01-19 14:28:29.308
93,go out elevator,2020-01-19 14:30:32.556,2020-01-19 14:30:56.608,13.495,,9.699,EVT6-2-22,7,2020-01-19 14:30:32.556
94,go out elevator,2020-01-19 14:33:03.870,2020-01-19 14:33:27.911,13.785,,7.832,EVT6-2-22,8,2020-01-19 14:33:03.870
95,go in elevator,2020-01-19 14:35:01.164,,,13.057,,EVT6-2-22,9,2020-01-19 14:35:01.164
96,go out elevator,2020-01-19 14:35:57.236,2020-01-19 14:36:21.323,13.731,,7.661,EVT6-2-22,9,2020-01-19 14:35:57.236
97,go out elevator,2020-01-19 14:37:56.691,2020-01-19 14:38:20.884,14.0,,7.816,EVT6-2-22,10,2020-01-19 14:37:56.691
98,go out elevator,2020-01-19 14:41:30.202,2020-01-19 14:41:55.250,14.821,,8.346,EVT6-2-22,11,2020-01-19 14:41:30.202
99,go out elevator,2020-01-19 14:43:38.445,2020-01-19 14:44:02.491,13.366,,7.874,EVT6-2-22,12,2020-01-19 14:43:38.445
100,go out elevator,2020-01-19 14:47:30.127,2020-01-19 14:47:59.187,13.92,,9.938,EVT6-2-22,13,2020-01-19 14:47:30.127
101,go in elevator,2020-01-19 14:57:52.847,,,,,EVT6-2-22,14,2020-01-19 14:57:52.847
102,go out elevator,2020-01-19 14:59:38.044,2020-01-19 15:00:10.127,15.543,,8.403,EVT6-2-22,14,2020-01-19 14:59:38.044
103,go in elevator,2020-01-19 15:04:48.179,,,4.158,,EVT6-2-22,15,2020-01-19 15:04:48.179
104,go out elevator,2020-01-19 15:07:20.592,2020-01-19 15:07:45.647,14.901,,8.025,EVT6-2-22,15,2020-01-19 15:07:20.592
105,go out elevator,2020-01-19 15:09:42.855,2020-01-19 15:10:08.930,15.25,,8.019,EVT6-2-22,16,2020-01-19 15:09:42.855
106,go out elevator,2020-01-19 15:13:09.252,2020-01-19 15:13:37.315,17.514,,7.564,EVT6-2-22,17,2020-01-19 15:13:09.252
107,go out elevator,2020-01-19 15:15:41.519,2020-01-19 15:16:07.617,15.239,,8.437,EVT6-2-22,18,2020-01-19 15:15:41.519
108,go out elevator,2020-01-19 15:19:32.097,2020-01-19 15:19:56.149,13.573,,7.213,EVT6-2-22,19,2020-01-19 15:19:32.097
109,go out elevator,2020-01-19 15:21:41.642,2020-01-19 15:22:05.704,13.559,,8.825,EVT6-2-22,20,2020-01-19 15:21:41.642
110,go out elevator,2020-01-19 15:25:29.066,2020-01-19 15:25:54.120,14.693999999999999,,7.361,EVT6-2-22,21,2020-01-19 15:25:29.066
111,go out elevator,2020-01-19 15:27:57.419,2020-01-19 15:28:22.479,14.942,,8.87,EVT6-2-22,22,2020-01-19 15:27:57.419
112,go out elevator,2020-01-19 15:32:32.387,2020-01-19 15:32:58.444,15.799,,8.051,EVT6-2-22,23,2020-01-19 15:32:32.387
113,go out elevator,2020-01-19 15:36:21.826,2020-01-19 15:36:46.876,14.264,,7.317,EVT6-2-22,24,2020-01-19 15:36:21.826
114,go out elevator,2020-01-19 15:39:11.366,2020-01-19 15:39:37.416,15.12,,7.496,EVT6-2-22,25,2020-01-19 15:39:11.366
115,go out elevator,2020-01-19 15:41:36.656,2020-01-19 15:42:03.716,16.526,,8.127,EVT6-2-22,26,2020-01-19 15:41:36.656
116,go in elevator,2020-01-19 15:46:48.554,,,59.911,,EVT6-2-22,27,2020-01-19 15:46:48.554
117,go out elevator,2020-01-19 15:53:20.355,2020-01-19 15:53:44.403,13.457,,7.215,EVT6-2-22,27,2020-01-19 15:53:20.355
118,go out elevator,2020-01-19 15:55:31.743,2020-01-19 15:56:00.816,18.587,,8.459,EVT6-2-22,28,2020-01-19 15:55:31.743
119,go in elevator,2020-01-19 15:59:22.192,,,19.568,,EVT6-2-22,29,2020-01-19 15:59:22.192
120,go in elevator,2020-01-19 16:02:13.519,,,6.18,,EVT6-2-22,29,2020-01-19 16:02:13.519
121,go out elevator,2020-01-19 16:04:00.761,2020-01-19 16:04:30.823,17.033,,7.272,EVT6-2-22,29,2020-01-19 16:04:00.761
122,go out elevator,2020-01-19 16:07:12.162,2020-01-19 16:07:40.214,17.661,,8.667,EVT6-2-22,30,2020-01-19 16:07:12.162
123,go out elevator,2020-01-19 16:11:15.588,2020-01-19 16:11:40.638,14.574,,7.436,EVT6-2-22,31,2020-01-19 16:11:15.588
124,go out elevator,2020-01-19 16:17:09.323,2020-01-19 16:17:37.387,17.575,,8.39,EVT6-2-22,32,2020-01-19 16:17:09.323
125,go out elevator,2020-01-19 16:31:37.752,2020-01-19 16:32:01.805,13.3,,7.266,EVT6-2-22,34,2020-01-19 16:31:37.752
126,go out elevator,2020-01-19 16:35:03.107,2020-01-19 16:35:27.186,13.725999999999999,,7.509,EVT6-2-22,35,2020-01-19 16:35:03.107
127,go out elevator,2020-01-19 16:37:55.508,2020-01-19 16:38:19.556,13.588,,7.663,EVT6-2-22,36,2020-01-19 16:37:55.508
128,go out elevator,2020-01-19 16:41:41.958,2020-01-19 16:42:06.050,13.407,,9.391,EVT6-2-22,37,2020-01-19 16:41:41.958
129,go in elevator,2020-01-19 16:44:36.311,,,4.743,,EVT6-2-22,38,2020-01-19 16:44:36.311
130,go in elevator,2020-01-19 16:45:57.435,,,16.321,,EVT6-2-22,38,2020-01-19 16:45:57.435
131,go out elevator,2020-01-19 16:47:23.584,2020-01-19 16:47:46.631,13.153,,7.962,EVT6-2-22,38,2020-01-19 16:47:23.584
132,go out elevator,2020-01-19 16:49:53.853,2020-01-19 16:50:17.891,13.727,,7.398,EVT6-2-22,39,2020-01-19 16:49:53.853
133,go out elevator,2020-01-19 16:53:47.298,2020-01-19 16:54:18.342,14.239,,10.441,EVT6-2-22,40,2020-01-19 16:53:47.298
134,go out elevator,2020-01-19 16:56:56.788,2020-01-19 16:57:25.851,13.799,,10.696,EVT6-2-22,41,2020-01-19 16:56:56.788
135,go out elevator,2020-01-19 14:46:58.330,2020-01-19 14:47:34.266,18.361,,8.208,EVT6-2-24,0,2020-01-19 14:46:58.330
136,go out elevator,2020-01-19 14:51:07.325,2020-01-19 14:51:41.650,19.817,,7.76,EVT6-2-24,1,2020-01-19 14:51:07.325
137,go out elevator,2020-01-19 15:22:07.484,2020-01-19 15:22:54.752,16.938,,7.622,EVT6-2-24,2,2020-01-19 15:22:07.484
138,go out elevator,2020-01-19 15:35:56.281,2020-01-19 15:36:36.325,21.447,,8.475,EVT6-2-24,3,2020-01-19 15:35:56.281
139,go out elevator,2020-01-19 16:00:38.996,2020-01-19 16:01:04.056,14.813,,10.496,EVT6-2-3,0,2020-01-19 16:00:38.996
140,go out elevator,2020-01-19 16:06:59.345,2020-01-19 16:07:25.393,15.744,,10.798,EVT6-2-3,1,2020-01-19 16:06:59.345
141,go out elevator,2020-01-19 16:18:46.947,2020-01-19 16:19:35.035,14.62,,12.18,EVT6-2-3,2,2020-01-19 16:18:46.947
142,go out elevator,2020-01-19 16:28:24.566,2020-01-19 16:28:54.622,15.193,,10.511,EVT6-2-3,3,2020-01-19 16:28:24.566
143,go out elevator,2020-01-19 16:52:44.150,2020-01-19 16:53:15.220,14.466,,8.87,EVT6-2-3,4,2020-01-19 16:52:44.150
144,go out elevator,2020-01-19 17:02:56.109,2020-01-19 17:03:24.164,13.53,,8.273,EVT6-2-3,5,2020-01-19 17:02:56.109
145,go out elevator,2020-01-19 17:25:43.589,2020-01-19 17:26:16.668,13.872,,10.273,EVT6-2-3,6,2020-01-19 17:25:43.589
146,go out elevator,2020-01-19 14:15:03.587,2020-01-19 14:15:29.651,14.894,,9.093,,0,2020-01-19 14:15:03.587
147,go out elevator,2020-01-19 14:20:24.910,2020-01-19 14:20:52.960,21.266,,10.749,,1,2020-01-19 14:20:24.910
148,go out elevator,2020-01-19 14:23:49.257,2020-01-19 14:24:13.311,13.711,,10.397,,2,2020-01-19 14:23:49.257
149,go out elevator,2020-01-19 14:25:57.436,2020-01-19 14:26:18.485,13.297,,10.205,,3,2020-01-19 14:25:57.436
150,go out elevator,2020-01-19 14:29:12.651,2020-01-19 14:29:37.707,14.568999999999999,,11.193,,4,2020-01-19 14:29:12.651
151,go out elevator,2020-01-19 14:30:54.788,2020-01-19 14:31:19.833,14.143,,9.685,,5,2020-01-19 14:30:54.788
152,go out elevator,2020-01-19 14:33:08.103,2020-01-19 14:33:33.148,14.439,,11.964,,6,2020-01-19 14:33:08.103
153,go out elevator,2020-01-19 14:35:13.307,2020-01-19 14:35:38.343,14.176,,9.742,,7,2020-01-19 14:35:13.307
154,go out elevator,2020-01-19 14:37:10.445,2020-01-19 14:37:35.706,14.22,,11.175,,8,2020-01-19 14:37:10.445
155,go out elevator,2020-01-19 14:38:52.806,2020-01-19 14:39:18.851,14.543,,9.134,,9,2020-01-19 14:38:52.806
156,go out elevator,2020-01-19 14:40:41.947,2020-01-19 14:41:06.990,14.112,,12.458,,10,2020-01-19 14:40:41.947
157,go out elevator,2020-01-19 14:42:22.085,2020-01-19 14:42:48.132,14.561,,9.192,,11,2020-01-19 14:42:22.085
158,go out elevator,2020-01-19 14:44:12.242,2020-01-19 14:44:37.341,13.813,,11.358,,12,2020-01-19 14:44:12.242
159,go out elevator,2020-01-19 14:45:49.436,2020-01-19 14:46:14.489,14.496,,9.937,,13,2020-01-19 14:45:49.436
160,go out elevator,2020-01-19 14:47:26.584,2020-01-19 14:47:51.634,14.088,,10.837,,14,2020-01-19 14:47:26.584
161,go out elevator,2020-01-19 14:49:06.728,2020-01-19 14:49:32.309,14.132,,9.341,,15,2020-01-19 14:49:06.728
162,go in elevator,2020-01-19 14:51:17.406,,,3.266,,,16,2020-01-19 14:51:17.406
163,go out elevator,2020-01-19 14:52:08.533,2020-01-19 14:52:33.577,13.768,,10.552,,16,2020-01-19 14:52:08.533
164,go out elevator,2020-01-19 14:53:35.654,2020-01-19 14:54:00.705,14.336,,10.055,,17,2020-01-19 14:53:35.654
165,go out elevator,2020-01-19 14:55:25.798,2020-01-19 14:55:49.845,13.38,,10.894,,18,2020-01-19 14:55:25.798
166,go out elevator,2020-01-19 14:56:56.945,2020-01-19 14:57:22.993,14.662,,9.221,,19,2020-01-19 14:56:56.945
167,go out elevator,2020-01-19 14:59:05.179,2020-01-19 14:59:46.244,14.728,,11.058,,20,2020-01-19 14:59:05.179
168,go out elevator,2020-01-19 15:01:05.346,2020-01-19 15:01:30.393,13.909,,9.205,,21,2020-01-19 15:01:05.346
169,go out elevator,2020-01-19 15:02:55.551,2020-01-19 15:03:19.599,13.559,,11.217,,22,2020-01-19 15:02:55.551
170,go out elevator,2020-01-19 15:04:36.848,2020-01-19 15:05:02.899,15.128,,10.091,,23,2020-01-19 15:04:36.848
171,go out elevator,2020-01-19 15:06:29.004,2020-01-19 15:06:56.058,14.464,,12.931000000000001,,24,2020-01-19 15:06:29.004
172,go out elevator,2020-01-19 15:07:57.152,2020-01-19 15:08:23.204,14.8,,9.173,,25,2020-01-19 15:07:57.152
173,go out elevator,2020-01-19 15:10:08.417,2020-01-19 15:10:33.459,13.82,,11.312,,26,2020-01-19 15:10:08.417
174,go out elevator,2020-01-19 15:11:49.621,2020-01-19 15:12:15.669,14.823,,9.512,,27,2020-01-19 15:11:49.621
175,go out elevator,2020-01-19 15:13:54.783,2020-01-19 15:14:19.825,14.572,,11.453,,28,2020-01-19 15:13:54.783
176,go in elevator,2020-01-19 15:15:56.936,,,31.336,,,29,2020-01-19 15:15:56.936
177,go out elevator,2020-01-19 15:17:16.036,2020-01-19 15:17:41.082,14.34,,9.848,,29,2020-01-19 15:17:16.036
178,go out elevator,2020-01-19 15:19:18.203,2020-01-19 15:19:43.312,13.835,,10.707,,30,2020-01-19 15:19:18.203
179,go out elevator,2020-01-19 15:20:44.386,2020-01-19 15:21:09.532,13.865,,9.374,,31,2020-01-19 15:20:44.386
180,go out elevator,2020-01-19 15:22:32.640,2020-01-19 15:22:57.686,13.905,,11.001,,32,2020-01-19 15:22:32.640
181,go out elevator,2020-01-19 15:23:59.773,2020-01-19 15:24:24.824,14.031,,9.602,,33,2020-01-19 15:23:59.773
182,go out elevator,2020-01-19 15:25:50.914,2020-01-19 15:26:15.964,14.456,,10.954,,34,2020-01-19 15:25:50.914
183,go out elevator,2020-01-19 15:27:22.056,2020-01-19 15:27:48.102,14.914,,9.465,,35,2020-01-19 15:27:22.056
184,go out elevator,2020-01-19 15:29:30.227,2020-01-19 15:29:55.268,13.543,,11.402,,36,2020-01-19 15:29:30.227
185,go out elevator,2020-01-19 15:31:10.393,2020-01-19 15:31:36.495,15.398,,9.82,,37,2020-01-19 15:31:10.393
186,go out elevator,2020-01-19 15:33:01.590,2020-01-19 15:33:26.639,14.602,,11.31,,38,2020-01-19 15:33:01.590
187,go out elevator,2020-01-19 15:34:28.718,2020-01-19 15:34:53.762,14.232,,9.584,,39,2020-01-19 15:34:28.718
188,go out elevator,2020-01-19 15:36:48.903,2020-01-19 15:37:14.064,14.432,,10.931000000000001,,40,2020-01-19 15:36:48.903
189,go out elevator,2020-01-19 15:38:31.207,2020-01-19 15:38:56.256,14.149,,9.698,,41,2020-01-19 15:38:31.207
190,go out elevator,2020-01-19 15:40:21.347,2020-01-19 15:40:46.384,14.494,,11.907,,42,2020-01-19 15:40:21.347
191,go out elevator,2020-01-19 15:42:11.493,2020-01-19 15:42:36.536,14.226,,9.572,,43,2020-01-19 15:42:11.493
192,go out elevator,2020-01-19 15:44:03.632,2020-01-19 15:44:28.679,14.119,,11.421,,44,2020-01-19 15:44:03.632
193,go out elevator,2020-01-19 15:45:46.753,2020-01-19 15:46:12.796,14.538,,9.138,,45,2020-01-19 15:45:46.753
194,go out elevator,2020-01-19 15:47:28.892,2020-01-19 15:47:50.931,14.65,,9.599,,46,2020-01-19 15:47:28.892
195,go out elevator,2020-01-19 15:49:17.407,2020-01-19 15:49:41.448,13.64,,9.55,,47,2020-01-19 15:49:17.407
196,go in elevator,2020-01-19 15:51:10.530,,,4.19,,,48,2020-01-19 15:51:10.530
197,go out elevator,2020-01-19 15:52:32.627,2020-01-19 15:53:15.690,13.336,,10.098,,48,2020-01-19 15:52:32.627
198,go out elevator,2020-01-19 15:54:38.777,2020-01-19 15:55:03.820,14.831,,10.267,,49,2020-01-19 15:54:38.777
199,go out elevator,2020-01-19 15:56:53.918,2020-01-19 15:57:18.958,14.557,,9.707,,50,2020-01-19 15:56:53.918
200,go out elevator,2020-01-19 15:58:48.067,2020-01-19 15:59:13.115,14.345,,9.121,,51,2020-01-19 15:58:48.067
201,go out elevator,2020-01-19 16:00:55.225,2020-01-19 16:01:32.278,13.805,,9.441,,52,2020-01-19 16:00:55.225
202,go in elevator,2020-01-19 16:03:22.499,,,16.385,,,53,2020-01-19 16:03:22.499
203,go out elevator,2020-01-19 16:04:54.621,2020-01-19 16:05:18.660,13.662,,10.243,,53,2020-01-19 16:04:54.621
204,go out elevator,2020-01-19 16:06:50.752,2020-01-19 16:07:34.815,13.355,,11.056,,54,2020-01-19 16:06:50.752
205,go out elevator,2020-01-19 16:09:27.945,2020-01-19 16:09:51.987,13.885,,9.62,,55,2020-01-19 16:09:27.945
206,go in elevator,2020-01-19 16:19:26.547,,,19.885,,,57,2020-01-19 16:19:26.547
207,go in elevator,2020-01-19 16:20:27.610,,,3.7560000000000002,,,57,2020-01-19 16:20:27.610
208,go in elevator,2020-01-19 16:21:34.690,,,4.12,,,57,2020-01-19 16:21:34.690
209,go out elevator,2020-01-19 16:22:47.801,2020-01-19 16:23:12.844,13.154,,11.341,,57,2020-01-19 16:22:47.801
210,go out elevator,2020-01-19 16:24:42.959,2020-01-19 16:25:09.004,14.543,,9.721,,58,2020-01-19 16:24:42.959
211,go in elevator,2020-01-19 16:26:20.081,,,18.519,,,59,2020-01-19 16:26:20.081
212,go out elevator,2020-01-19 16:27:27.166,2020-01-19 16:27:51.207,13.534,,11.024,,59,2020-01-19 16:27:27.166
213,go out elevator,2020-01-19 16:28:52.285,2020-01-19 16:29:27.341,15.289,,9.773,,60,2020-01-19 16:28:52.285
214,go out elevator,2020-01-19 16:31:10.448,2020-01-19 16:31:34.497,13.368,,11.242,,61,2020-01-19 16:31:10.448
215,go out elevator,2020-01-19 16:32:32.573,2020-01-19 16:32:58.617,14.292,,9.342,,62,2020-01-19 16:32:32.573
216,go out elevator,2020-01-19 16:34:23.875,2020-01-19 16:34:48.928,13.866,,10.701,,63,2020-01-19 16:34:23.875
217,go out elevator,2020-01-19 16:35:49.990,2020-01-19 16:36:15.031,13.850999999999999,,9.016,,64,2020-01-19 16:35:49.990
218,go out elevator,2020-01-19 16:37:38.188,2020-01-19 16:38:05.233,14.094,,10.358,,65,2020-01-19 16:37:38.188
219,go out elevator,2020-01-19 16:39:06.357,2020-01-19 16:39:31.403,14.009,,9.675,,66,2020-01-19 16:39:06.357
220,go out elevator,2020-01-19 16:40:57.489,2020-01-19 16:41:22.535,14.368,,10.951,,67,2020-01-19 16:40:57.489
221,go in elevator,2020-01-19 16:42:39.623,,,50.961,,,68,2020-01-19 16:42:39.623
222,go out elevator,2020-01-19 16:45:01.789,2020-01-19 16:45:26.829,14.256,,10.042,,68,2020-01-19 16:45:01.789
223,go out elevator,2020-01-19 16:46:50.946,2020-01-19 16:47:15.989,13.599,,10.636,,69,2020-01-19 16:46:50.946
224,go out elevator,2020-01-19 16:48:44.104,2020-01-19 16:49:09.154,13.296,,10.639,,70,2020-01-19 16:48:44.104
225,go out elevator,2020-01-19 16:50:49.255,2020-01-19 16:51:14.306,13.842,,10.425,,71,2020-01-19 16:50:49.255
226,go out elevator,2020-01-19 16:52:15.390,2020-01-19 16:52:40.446,13.77,,9.152,,72,2020-01-19 16:52:15.390
227,go out elevator,2020-01-19 16:54:04.549,2020-01-19 16:54:32.590,13.675,,11.477,,73,2020-01-19 16:54:04.549
228,go out elevator,2020-01-19 16:56:25.838,2020-01-19 16:57:05.945,14.227,,10.075,,74,2020-01-19 16:56:25.838
229,go out elevator,2020-01-19 16:58:26.041,2020-01-19 16:58:51.085,14.478,,11.826,,75,2020-01-19 16:58:26.041
230,go out elevator,2020-01-20 14:41:17.611,2020-01-20 14:41:44.701,15.58,,8.971,EVT6-2-10,0,2020-01-20 14:41:17.611
231,go out elevator,2020-01-20 14:43:13.792,2020-01-20 14:43:40.829,15.493,,9.849,EVT6-2-10,1,2020-01-20 14:43:13.792
232,go out elevator,2020-01-20 15:47:59.366,2020-01-20 15:48:50.437,20.918,,8.093,EVT6-2-12,2,2020-01-20 15:47:59.366
233,go in elevator,2020-01-20 15:57:31.377,,,15.9,,EVT6-2-12,3,2020-01-20 15:57:31.377
234,go out elevator,2020-01-20 15:58:37.462,2020-01-20 15:59:07.518,14.94,,10.744,EVT6-2-12,3,2020-01-20 15:58:37.462
235,go out elevator,2020-01-20 14:04:51.214,2020-01-20 14:05:23.253,15.867,,8.715,EVT6-2-16,23,2020-01-20 14:04:51.214
236,go out elevator,2020-01-20 14:08:50.433,2020-01-20 14:09:36.506,14.561,,10.839,EVT6-2-16,24,2020-01-20 14:08:50.433
237,go out elevator,2020-01-20 14:10:26.574,2020-01-20 14:10:57.618,14.474,,8.712,EVT6-2-16,25,2020-01-20 14:10:26.574
238,go out elevator,2020-01-20 14:19:22.992,2020-01-20 14:20:09.078,15.498,,10.975,EVT6-2-16,26,2020-01-20 14:19:22.992
239,go out elevator,2020-01-20 14:20:50.142,2020-01-20 14:21:24.188,18.024,,9.751,EVT6-2-16,27,2020-01-20 14:20:50.142
240,go out elevator,2020-01-20 14:23:23.310,2020-01-20 14:23:53.365,14.539,,11.191,EVT6-2-16,28,2020-01-20 14:23:23.310
241,go out elevator,2020-01-20 14:25:04.467,2020-01-20 14:25:52.517,16.602,,8.850999999999999,EVT6-2-16,29,2020-01-20 14:25:04.467
242,go in elevator,2020-01-20 14:38:09.297,,,58.85,,EVT6-2-16,30,2020-01-20 14:38:09.297
243,go out elevator,2020-01-20 15:01:16.511,2020-01-20 15:02:13.575,19.027,,8.931000000000001,EVT6-2-16,30,2020-01-20 15:01:16.511
244,go out elevator,2020-01-20 15:09:06.966,2020-01-20 15:09:38.007,15.269,,10.721,EVT6-2-16,31,2020-01-20 15:09:06.966
245,go out elevator,2020-01-20 15:10:16.081,2020-01-20 15:10:48.119,16.227,,9.317,EVT6-2-16,32,2020-01-20 15:10:16.081
246,go out elevator,2020-01-20 15:12:58.247,2020-01-20 15:13:27.488,13.836,,10.232,EVT6-2-16,33,2020-01-20 15:12:58.247
247,go out elevator,2020-01-20 15:14:29.574,2020-01-20 15:15:01.619,16.145,,9.138,EVT6-2-16,34,2020-01-20 15:14:29.574
248,go out elevator,2020-01-20 15:17:06.726,2020-01-20 15:17:36.770,14.29,,10.841,EVT6-2-16,35,2020-01-20 15:17:06.726
249,go out elevator,2020-01-20 15:18:44.985,2020-01-20 15:19:16.025,14.733,,8.641,EVT6-2-16,36,2020-01-20 15:18:44.985
250,go out elevator,2020-01-20 15:21:12.235,2020-01-20 15:21:41.273,14.014,,12.249,EVT6-2-16,37,2020-01-20 15:21:12.235
251,go out elevator,2020-01-20 15:22:23.332,2020-01-20 15:22:56.373,16.416,,8.537,EVT6-2-16,38,2020-01-20 15:22:23.332
252,go out elevator,2020-01-20 15:24:53.488,2020-01-20 15:25:23.521,14.459,,13.583,EVT6-2-16,39,2020-01-20 15:24:53.488
253,go out elevator,2020-01-20 15:26:06.579,2020-01-20 15:26:37.623,14.941,,9.15,EVT6-2-16,40,2020-01-20 15:26:06.579
254,go out elevator,2020-01-20 15:32:15.927,2020-01-20 15:32:46.012,14.736,,11.198,EVT6-2-16,41,2020-01-20 15:32:15.927
255,go out elevator,2020-01-20 15:33:26.076,2020-01-20 15:33:58.115,15.308,,8.117,EVT6-2-16,42,2020-01-20 15:33:26.076
256,go out elevator,2020-01-20 15:35:58.201,2020-01-20 15:36:28.243,14.473,,10.89,EVT6-2-16,43,2020-01-20 15:35:58.201
257,go out elevator,2020-01-20 15:37:13.316,2020-01-20 15:37:48.364,18.54,,8.775,EVT6-2-16,44,2020-01-20 15:37:13.316
258,go out elevator,2020-01-20 15:39:45.459,2020-01-20 15:40:15.503,13.989,,10.304,EVT6-2-16,45,2020-01-20 15:39:45.459
259,go out elevator,2020-01-20 15:41:14.640,2020-01-20 15:41:47.685,16.328,,8.254,EVT6-2-16,46,2020-01-20 15:41:14.640
260,go out elevator,2020-01-20 15:43:48.836,2020-01-20 15:44:17.921,13.923,,11.139,EVT6-2-16,47,2020-01-20 15:43:48.836
261,go out elevator,2020-01-20 15:45:26.998,2020-01-20 15:46:00.036,16.411,,8.152,EVT6-2-16,48,2020-01-20 15:45:26.998
262,go out elevator,2020-01-20 15:49:17.497,2020-01-20 15:49:46.593,13.525,,10.276,EVT6-2-16,49,2020-01-20 15:49:17.497
263,go out elevator,2020-01-20 15:52:22.846,2020-01-20 15:52:54.957,15.288,,8.573,EVT6-2-16,50,2020-01-20 15:52:22.846
264,go out elevator,2020-01-20 15:54:49.092,2020-01-20 15:55:18.156,13.889,,15.586,EVT6-2-16,51,2020-01-20 15:54:49.092
265,go out elevator,2020-01-20 15:56:02.220,2020-01-20 15:56:42.290,23.631,,20.802,EVT6-2-16,52,2020-01-20 15:56:02.220
266,go out elevator,2020-01-20 15:59:43.598,2020-01-20 16:00:13.647,14.8,,10.911,EVT6-2-16,53,2020-01-20 15:59:43.598
267,go out elevator,2020-01-20 16:02:35.785,2020-01-20 16:03:07.836,14.987,,9.264,EVT6-2-16,54,2020-01-20 16:02:35.785
268,go out elevator,2020-01-20 16:05:02.945,2020-01-20 16:05:32.979,15.449,,11.58,EVT6-2-16,55,2020-01-20 16:05:02.945
269,go out elevator,2020-01-20 16:09:47.187,2020-01-20 16:10:19.229,15.438,,9.279,EVT6-2-16,56,2020-01-20 16:09:47.187
270,go out elevator,2020-01-20 16:12:14.493,2020-01-20 16:12:43.533,14.03,,11.076,EVT6-2-16,57,2020-01-20 16:12:14.493
271,go out elevator,2020-01-20 16:13:23.602,2020-01-20 16:13:56.646,16.646,,8.596,EVT6-2-16,58,2020-01-20 16:13:23.602
272,go out elevator,2020-01-20 16:15:50.762,2020-01-20 16:16:20.804,14.396,,10.708,EVT6-2-16,59,2020-01-20 16:15:50.762
273,go in elevator,2020-01-20 16:17:00.867,,,27.569,,EVT6-2-16,60,2020-01-20 16:17:00.867
274,go out elevator,2020-01-20 16:23:48.272,2020-01-20 16:24:21.320,16.679,,9.059,EVT6-2-16,60,2020-01-20 16:23:48.272
275,go out elevator,2020-01-20 16:30:47.749,2020-01-20 16:31:31.797,14.088,,10.823,EVT6-2-16,61,2020-01-20 16:30:47.749
276,go out elevator,2020-01-20 16:32:46.888,2020-01-20 16:33:33.945,15.707,,8.902,EVT6-2-16,62,2020-01-20 16:32:46.888
277,go out elevator,2020-01-20 16:35:28.130,2020-01-20 16:36:14.183,15.206,,10.092,EVT6-2-16,63,2020-01-20 16:35:28.130
278,go out elevator,2020-01-20 16:37:31.286,2020-01-20 16:38:02.379,15.059,,8.93,EVT6-2-16,64,2020-01-20 16:37:31.286
279,go out elevator,2020-01-20 16:39:55.496,2020-01-20 16:40:37.539,14.207,,9.765,EVT6-2-16,65,2020-01-20 16:39:55.496
280,go out elevator,2020-01-20 16:41:31.664,2020-01-20 16:42:03.728,16.107,,8.845,EVT6-2-16,66,2020-01-20 16:41:31.664
281,go out elevator,2020-01-20 16:43:51.844,2020-01-20 16:44:21.893,13.909,,9.686,EVT6-2-16,67,2020-01-20 16:43:51.844
282,go out elevator,2020-01-20 16:48:36.133,2020-01-20 16:49:09.175,16.304,,8.165,EVT6-2-16,68,2020-01-20 16:48:36.133
283,go out elevator,2020-01-20 16:51:21.283,2020-01-20 16:51:51.320,14.844,,10.591,EVT6-2-16,69,2020-01-20 16:51:21.283
284,go out elevator,2020-01-20 16:52:31.376,2020-01-20 16:53:03.415,15.756,,8.561,EVT6-2-16,70,2020-01-20 16:52:31.376
285,go out elevator,2020-01-20 16:54:55.516,2020-01-20 16:55:25.554,14.885,,10.72,EVT6-2-16,71,2020-01-20 16:54:55.516
286,go out elevator,2020-01-20 16:56:51.720,2020-01-20 16:57:22.762,14.915,,8.832,EVT6-2-16,72,2020-01-20 16:56:51.720
287,go out elevator,2020-01-20 16:59:22.870,2020-01-20 16:59:51.966,13.638,,10.931000000000001,EVT6-2-16,73,2020-01-20 16:59:22.870
288,go out elevator,2020-01-20 17:02:27.093,2020-01-20 17:02:59.146,15.214,,8.713,EVT6-2-16,74,2020-01-20 17:02:27.093
289,go out elevator,2020-01-20 17:04:55.276,2020-01-20 17:05:25.314,14.46,,10.068,EVT6-2-16,75,2020-01-20 17:04:55.276
290,go out elevator,2020-01-20 17:06:29.498,2020-01-20 17:07:01.546,16.003,,9.026,EVT6-2-16,76,2020-01-20 17:06:29.498
291,go out elevator,2020-01-20 17:09:00.660,2020-01-20 17:09:29.817,13.65,,10.568999999999999,EVT6-2-16,77,2020-01-20 17:09:00.660
292,go out elevator,2020-01-20 17:10:08.882,2020-01-20 17:10:40.924,14.918,,8.174,EVT6-2-16,78,2020-01-20 17:10:08.882
293,go out elevator,2020-01-20 17:12:41.154,2020-01-20 17:13:11.200,14.952,,10.765,EVT6-2-16,79,2020-01-20 17:12:41.154
294,go out elevator,2020-01-20 17:13:50.266,2020-01-20 17:14:22.313,15.822,,8.517,EVT6-2-16,80,2020-01-20 17:13:50.266
295,go out elevator,2020-01-20 17:16:18.411,2020-01-20 17:16:48.455,14.098,,9.777,EVT6-2-16,81,2020-01-20 17:16:18.411
296,go out elevator,2020-01-20 17:17:27.528,2020-01-20 17:17:59.572,15.723,,9.024,EVT6-2-16,82,2020-01-20 17:17:27.528
297,go out elevator,2020-01-20 17:38:46.458,2020-01-20 17:39:17.542,15.777,,10.437,EVT6-2-16,83,2020-01-20 17:38:46.458
298,go out elevator,2020-01-20 17:39:57.613,2020-01-20 17:40:29.646,15.71,,10.506,EVT6-2-16,84,2020-01-20 17:39:57.613
299,go out elevator,2020-01-20 17:42:24.949,2020-01-20 17:42:56.049,15.567,,10.865,EVT6-2-16,85,2020-01-20 17:42:24.949
300,go out elevator,2020-01-20 17:43:36.193,2020-01-20 17:44:08.276,15.685,,8.645,EVT6-2-16,86,2020-01-20 17:43:36.193
301,go out elevator,2020-01-20 17:45:56.435,2020-01-20 17:46:40.499,14.922,,10.821,EVT6-2-16,87,2020-01-20 17:45:56.435
302,go out elevator,2020-01-20 17:47:29.575,2020-01-20 17:48:01.675,15.237,,8.568,EVT6-2-16,88,2020-01-20 17:47:29.575
303,go out elevator,2020-01-20 15:03:58.701,2020-01-20 15:04:30.752,15.829,,7.764,EVT6-2-17,0,2020-01-20 15:03:58.701
304,go out elevator,2020-01-20 13:51:35.484,2020-01-20 13:52:06.578,14.629,,8.725,EVT6-2-18,38,2020-01-20 13:51:35.484
305,go out elevator,2020-01-20 13:54:01.868,2020-01-20 13:54:31.917,14.191,,9.638,EVT6-2-18,39,2020-01-20 13:54:01.868
306,go out elevator,2020-01-20 13:55:10.981,2020-01-20 13:55:42.442,15.134,,8.826,EVT6-2-18,40,2020-01-20 13:55:10.981
307,go out elevator,2020-01-20 13:57:58.571,2020-01-20 13:58:27.612,13.213,,9.658,EVT6-2-18,41,2020-01-20 13:57:58.571
308,go out elevator,2020-01-20 13:59:06.731,2020-01-20 13:59:38.776,15.73,,8.331,EVT6-2-18,42,2020-01-20 13:59:06.731
309,go out elevator,2020-01-20 14:01:34.890,2020-01-20 14:02:17.944,14.247,,9.809,EVT6-2-18,43,2020-01-20 14:01:34.890
310,go out elevator,2020-01-20 14:03:46.093,2020-01-20 14:04:17.141,15.012,,8.88,EVT6-2-18,44,2020-01-20 14:03:46.093
311,go out elevator,2020-01-20 17:06:00.390,2020-01-20 17:06:29.450,13.761,,10.406,EVT6-2-18,45,2020-01-20 17:06:00.390
312,go out elevator,2020-01-20 13:50:40.355,2020-01-20 13:51:11.411,14.709,,8.007,EVT6-2-22,42,2020-01-20 13:50:40.355
313,go out elevator,2020-01-20 13:54:52.810,2020-01-20 13:55:21.850,14.282,,7.981,EVT6-2-22,43,2020-01-20 13:54:52.810
314,go out elevator,2020-01-20 13:57:21.696,2020-01-20 13:57:46.740,14.961,,8.8,EVT6-2-22,44,2020-01-20 13:57:21.696
315,go out elevator,2020-01-20 14:01:00.943,2020-01-20 14:01:27.989,16.466,,10.07,EVT6-2-22,45,2020-01-20 14:01:00.943
316,go out elevator,2020-01-20 14:04:47.336,2020-01-20 14:05:12.377,14.881,,8.473,EVT6-2-22,46,2020-01-20 14:04:47.336
317,go out elevator,2020-01-20 14:06:43.471,2020-01-20 14:07:07.515,14.345,,8.167,EVT6-2-22,47,2020-01-20 14:06:43.471
318,go out elevator,2020-01-20 14:08:54.646,2020-01-20 14:09:19.686,14.063,,7.88,EVT6-2-22,48,2020-01-20 14:08:54.646
319,go in elevator,2020-01-20 14:11:08.803,,,9.382,,EVT6-2-22,49,2020-01-20 14:11:08.803
320,go out elevator,2020-01-20 14:11:58.875,2020-01-20 14:12:22.912,13.699,,7.518,EVT6-2-22,49,2020-01-20 14:11:58.875
321,go out elevator,2020-01-20 14:14:15.080,2020-01-20 14:14:39.124,13.626,,7.592,EVT6-2-22,50,2020-01-20 14:14:15.080
322,go out elevator,2020-01-20 14:16:49.233,2020-01-20 14:17:14.320,14.519,,8.349,EVT6-2-22,51,2020-01-20 14:16:49.233
323,go out elevator,2020-01-20 14:18:59.422,2020-01-20 14:19:24.462,14.843,,8.651,EVT6-2-22,52,2020-01-20 14:18:59.422
324,go out elevator,2020-01-20 14:21:19.559,2020-01-20 14:21:44.601,14.181,,7.073,EVT6-2-22,53,2020-01-20 14:21:19.559
325,go out elevator,2020-01-20 14:24:02.737,2020-01-20 14:24:27.774,14.613,,8.785,EVT6-2-22,54,2020-01-20 14:24:02.737
326,go out elevator,2020-01-20 14:26:31.912,2020-01-20 14:26:58.954,17.113,,7.808,EVT6-2-22,55,2020-01-20 14:26:31.912
327,go out elevator,2020-01-20 14:28:35.216,2020-01-20 14:29:03.265,17.445,,7.719,EVT6-2-22,56,2020-01-20 14:28:35.216
328,go out elevator,2020-01-20 14:30:56.380,2020-01-20 14:31:20.434,13.672,,7.37,EVT6-2-22,57,2020-01-20 14:30:56.380
329,go out elevator,2020-01-20 14:33:07.555,2020-01-20 14:33:31.597,13.475999999999999,,7.873,EVT6-2-22,58,2020-01-20 14:33:07.555
330,go out elevator,2020-01-20 14:35:12.715,2020-01-20 14:35:37.743,14.246,,7.012,EVT6-2-22,59,2020-01-20 14:35:12.715
331,go out elevator,2020-01-20 14:37:22.921,2020-01-20 14:37:51.973,18.177,,7.678,EVT6-2-22,60,2020-01-20 14:37:22.921
332,go out elevator,2020-01-20 14:39:56.211,2020-01-20 14:40:20.255,13.986,,8.064,EVT6-2-22,61,2020-01-20 14:39:56.211
333,go out elevator,2020-01-20 14:42:37.389,2020-01-20 14:43:02.432,14.236,,7.966,EVT6-2-22,62,2020-01-20 14:42:37.389
334,go in elevator,2020-01-20 14:44:27.534,,,14.175,,EVT6-2-22,63,2020-01-20 14:44:27.534
335,go out elevator,2020-01-20 14:45:25.611,2020-01-20 14:45:50.644,14.473,,7.86,EVT6-2-22,63,2020-01-20 14:45:25.611
336,go out elevator,2020-01-20 14:47:37.972,2020-01-20 14:48:05.019,16.818,,8.084,EVT6-2-22,64,2020-01-20 14:47:37.972
337,go out elevator,2020-01-20 14:49:43.127,2020-01-20 14:50:11.169,17.64,,7.75,EVT6-2-22,65,2020-01-20 14:49:43.127
338,go out elevator,2020-01-20 14:52:23.294,2020-01-20 14:52:49.333,15.252,,8.057,EVT6-2-22,66,2020-01-20 14:52:23.294
339,go out elevator,2020-01-20 14:54:48.446,2020-01-20 14:55:13.491,14.865,,8.077,EVT6-2-22,67,2020-01-20 14:54:48.446
340,go out elevator,2020-01-20 14:57:13.598,2020-01-20 14:57:37.639,13.207,,7.316,EVT6-2-22,68,2020-01-20 14:57:13.598
341,go out elevator,2020-01-20 14:59:55.775,2020-01-20 15:00:20.810,14.404,,7.218,EVT6-2-22,69,2020-01-20 14:59:55.775
342,go out elevator,2020-01-20 15:02:25.930,2020-01-20 15:02:54.974,16.119,,7.848,EVT6-2-22,70,2020-01-20 15:02:25.930
343,go out elevator,2020-01-20 15:04:42.093,2020-01-20 15:05:06.287,13.549,,7.328,EVT6-2-22,71,2020-01-20 15:04:42.093
344,go out elevator,2020-01-20 15:07:23.401,2020-01-20 15:07:48.440,14.885,,8.954,EVT6-2-22,72,2020-01-20 15:07:23.401
345,go out elevator,2020-01-20 15:12:49.021,2020-01-20 15:13:13.060,13.807,,8.035,EVT6-2-22,74,2020-01-20 15:12:49.021
346,go out elevator,2020-01-20 15:14:30.143,2020-01-20 15:14:54.182,13.36,,7.579,EVT6-2-22,75,2020-01-20 15:14:30.143
347,go out elevator,2020-01-20 15:18:21.383,2020-01-20 15:18:45.423,13.769,,8.7,EVT6-2-22,76,2020-01-20 15:18:21.383
348,go out elevator,2020-01-20 15:20:22.635,2020-01-20 15:20:47.675,14.132,,7.168,EVT6-2-22,77,2020-01-20 15:20:22.635
349,go out elevator,2020-01-20 15:22:31.777,2020-01-20 15:22:55.812,13.786,,7.882,EVT6-2-22,78,2020-01-20 15:22:31.777
350,go out elevator,2020-01-20 15:24:13.935,2020-01-20 15:24:38.971,14.516,,7.378,EVT6-2-22,79,2020-01-20 15:24:13.935
351,go out elevator,2020-01-20 15:26:43.096,2020-01-20 15:27:10.135,16.417,,8.73,EVT6-2-22,80,2020-01-20 15:26:43.096
352,go out elevator,2020-01-20 15:28:44.239,2020-01-20 15:29:07.274,12.458,,7.481,EVT6-2-22,81,2020-01-20 15:28:44.239
353,go out elevator,2020-01-20 15:30:46.411,2020-01-20 15:31:11.447,14.732,,8.456,EVT6-2-22,82,2020-01-20 15:30:46.411
354,go in elevator,2020-01-20 15:33:18.645,,,7.751,,EVT6-2-22,83,2020-01-20 15:33:18.645
355,go out elevator,2020-01-20 15:34:05.708,2020-01-20 15:34:29.742,13.479,,7.398,EVT6-2-22,83,2020-01-20 15:34:05.708
356,go out elevator,2020-01-20 15:36:27.822,2020-01-20 15:36:53.863,15.352,,8.063,EVT6-2-22,84,2020-01-20 15:36:27.822
357,go out elevator,2020-01-20 15:38:21.011,2020-01-20 15:38:45.046,13.67,,7.608,EVT6-2-22,85,2020-01-20 15:38:21.011
358,go out elevator,2020-01-20 15:40:36.127,2020-01-20 15:41:02.168,15.04,,8.669,EVT6-2-22,86,2020-01-20 15:40:36.127
359,go out elevator,2020-01-20 15:42:34.256,2020-01-20 15:42:58.290,14.034,,8.254,EVT6-2-22,87,2020-01-20 15:42:34.256
360,go out elevator,2020-01-20 15:44:39.379,2020-01-20 15:45:04.416,14.974,,8.818,EVT6-2-22,88,2020-01-20 15:44:39.379
361,go out elevator,2020-01-20 15:46:32.490,2020-01-20 15:46:56.523,13.639,,7.288,EVT6-2-22,89,2020-01-20 15:46:32.490
362,go out elevator,2020-01-20 15:49:01.627,2020-01-20 15:49:26.668,14.975,,8.526,EVT6-2-22,90,2020-01-20 15:49:01.627
363,go out elevator,2020-01-20 15:50:45.861,2020-01-20 15:51:10.910,14.354,,7.201,EVT6-2-22,91,2020-01-20 15:50:45.861
364,go out elevator,2020-01-20 15:53:15.041,2020-01-20 15:53:41.084,15.856,,8.776,EVT6-2-22,92,2020-01-20 15:53:15.041
365,go out elevator,2020-01-20 15:55:21.191,2020-01-20 15:55:45.223,13.695,,7.325,EVT6-2-22,93,2020-01-20 15:55:21.191
366,go out elevator,2020-01-20 15:57:40.357,2020-01-20 15:58:04.401,14.166,,10.272,EVT6-2-22,94,2020-01-20 15:57:40.357
367,go in elevator,2020-01-20 15:59:27.498,,,28.163,,EVT6-2-22,95,2020-01-20 15:59:27.498
368,go out elevator,2020-01-20 16:00:53.672,2020-01-20 16:01:18.765,14.253,,7.376,EVT6-2-22,95,2020-01-20 16:00:53.672
369,go out elevator,2020-01-20 16:03:20.895,2020-01-20 16:03:44.942,14.082,,7.957,EVT6-2-22,96,2020-01-20 16:03:20.895
370,go out elevator,2020-01-20 16:06:01.078,2020-01-20 16:06:25.121,13.661,,7.717,EVT6-2-22,97,2020-01-20 16:06:01.078
371,go out elevator,2020-01-20 16:08:02.221,2020-01-20 16:08:26.260,13.536,,7.758,EVT6-2-22,98,2020-01-20 16:08:02.221
372,go out elevator,2020-01-20 16:09:58.373,2020-01-20 16:10:22.406,13.44,,7.396,EVT6-2-22,99,2020-01-20 16:09:58.373
373,go out elevator,2020-01-20 16:11:56.523,2020-01-20 16:12:20.561,13.129,,7.594,EVT6-2-22,100,2020-01-20 16:11:56.523
374,go in elevator,2020-01-20 16:14:21.724,,,17.266,,EVT6-2-22,101,2020-01-20 16:14:21.724
375,go out elevator,2020-01-20 16:15:53.815,2020-01-20 16:16:17.851,13.593,,7.514,EVT6-2-22,101,2020-01-20 16:15:53.815
376,go out elevator,2020-01-20 16:18:18.965,2020-01-20 16:18:45.006,15.887,,8.107,EVT6-2-22,102,2020-01-20 16:18:18.965
377,go out elevator,2020-01-20 16:20:31.101,2020-01-20 16:20:56.144,14.506,,7.101,EVT6-2-22,103,2020-01-20 16:20:31.101
378,go out elevator,2020-01-20 16:22:45.287,2020-01-20 16:23:09.321,13.426,,7.575,EVT6-2-22,104,2020-01-20 16:22:45.287
379,go out elevator,2020-01-20 16:25:23.444,2020-01-20 16:25:48.470,14.757,,7.71,EVT6-2-22,105,2020-01-20 16:25:23.444
380,go out elevator,2020-01-20 16:27:47.602,2020-01-20 16:28:15.643,17.886,,7.78,EVT6-2-22,106,2020-01-20 16:27:47.602
381,go out elevator,2020-01-20 16:29:49.793,2020-01-20 16:30:12.830,13.014,,7.551,EVT6-2-22,107,2020-01-20 16:29:49.793
382,go out elevator,2020-01-20 16:33:54.015,2020-01-20 16:34:20.061,15.836,,8.22,EVT6-2-22,108,2020-01-20 16:33:54.015
383,go out elevator,2020-01-20 16:36:18.556,2020-01-20 16:36:43.594,14.453,,9.066,EVT6-2-22,109,2020-01-20 16:36:18.556
384,go in elevator,2020-01-20 16:39:15.760,,,20.879,,EVT6-2-22,110,2020-01-20 16:39:15.760
385,go in elevator,2020-01-20 16:40:36.843,,,6.829,,EVT6-2-22,110,2020-01-20 16:40:36.843
386,go out elevator,2020-01-20 16:42:25.964,2020-01-20 16:42:53.017,16.837,,10.888,EVT6-2-22,110,2020-01-20 16:42:25.964
387,go out elevator,2020-01-20 16:45:29.182,2020-01-20 16:45:54.225,14.952,,7.741,EVT6-2-22,111,2020-01-20 16:45:29.182
388,go out elevator,2020-01-20 16:48:13.372,2020-01-20 16:48:38.412,14.386,,7.68,EVT6-2-22,112,2020-01-20 16:48:13.372
389,go out elevator,2020-01-20 16:50:01.494,2020-01-20 16:50:26.666,14.876,,7.423,EVT6-2-22,113,2020-01-20 16:50:01.494
390,go out elevator,2020-01-20 16:52:30.779,2020-01-20 16:52:54.815,13.487,,7.65,EVT6-2-22,114,2020-01-20 16:52:30.779
391,go out elevator,2020-01-20 16:56:01.617,2020-01-20 16:56:30.659,13.858,,11.059,EVT6-2-22,115,2020-01-20 16:56:01.617
392,go out elevator,2020-01-20 15:17:53.830,2020-01-20 15:18:23.873,14.134,,10.266,EVT6-2-3,7,2020-01-20 15:17:53.830
393,go out elevator,2020-01-20 15:19:46.079,2020-01-20 15:20:13.128,16.122,,10.047,EVT6-2-3,8,2020-01-20 15:19:46.079
394,go out elevator,2020-01-20 15:29:41.755,2020-01-20 15:30:06.792,14.954,,9.58,EVT6-2-3,9,2020-01-20 15:29:41.755
395,go out elevator,2020-01-20 15:40:24.545,2020-01-20 15:40:54.580,14.899000000000001,,10.31,EVT6-2-3,10,2020-01-20 15:40:24.545
396,go out elevator,2020-01-20 15:50:48.688,2020-01-20 15:51:34.763,15.531,,9.093,EVT6-2-3,11,2020-01-20 15:50:48.688
397,go out elevator,2020-01-20 15:56:34.808,2020-01-20 15:57:00.858,14.777,,10.412,EVT6-2-3,12,2020-01-20 15:56:34.808
398,go out elevator,2020-01-20 15:59:32.018,2020-01-20 15:59:56.065,14.305,,11.391,EVT6-2-3,13,2020-01-20 15:59:32.018
399,go out elevator,2020-01-20 16:09:31.611,2020-01-20 16:09:56.651,14.424,,10.2,EVT6-2-3,14,2020-01-20 16:09:31.611
400,go out elevator,2020-01-20 16:18:48.225,2020-01-20 16:19:14.263,15.357,,11.041,EVT6-2-3,15,2020-01-20 16:18:48.225
401,go out elevator,2020-01-20 16:24:47.441,2020-01-20 16:25:12.477,14.453,,8.252,EVT6-2-3,16,2020-01-20 16:24:47.441
402,go out elevator,2020-01-20 16:33:55.019,2020-01-20 16:34:33.072,19.001,,9.111,EVT6-2-3,17,2020-01-20 16:33:55.019
403,go out elevator,2020-01-20 16:41:12.607,2020-01-20 16:41:43.692,15.213,,9.502,EVT6-2-3,18,2020-01-20 16:41:12.607
404,go out elevator,2020-01-20 14:13:03.370,2020-01-20 14:13:25.414,14.729,,10.631,,76,2020-01-20 14:13:03.370
405,go out elevator,2020-01-20 14:14:49.502,2020-01-20 14:15:14.537,14.321,,10.362,,77,2020-01-20 14:14:49.502
406,go out elevator,2020-01-20 14:17:27.654,2020-01-20 14:18:07.708,14.598,,9.911,,78,2020-01-20 14:17:27.654
407,go out elevator,2020-01-20 14:19:28.790,2020-01-20 14:19:52.839,13.207,,9.389,,79,2020-01-20 14:19:28.790
408,go out elevator,2020-01-20 14:21:42.950,2020-01-20 14:22:06.988,13.258,,9.591,,80,2020-01-20 14:21:42.950
409,go out elevator,2020-01-20 14:23:29.104,2020-01-20 14:23:54.147,14.205,,9.612,,81,2020-01-20 14:23:29.104
410,go out elevator,2020-01-20 14:25:45.246,2020-01-20 14:26:31.304,13.554,,9.202,,82,2020-01-20 14:25:45.246
411,go out elevator,2020-01-20 14:28:19.410,2020-01-20 14:28:43.452,13.722,,9.917,,83,2020-01-20 14:28:19.410
412,go out elevator,2020-01-20 14:30:34.563,2020-01-20 14:30:58.604,13.222,,9.507,,84,2020-01-20 14:30:34.563
413,go out elevator,2020-01-20 14:37:50.275,2020-01-20 14:38:54.377,50.14,,13.471,,86,2020-01-20 14:37:50.275
414,go out elevator,2020-01-20 14:40:30.457,2020-01-20 14:40:57.493,16.335,,10.303,,87,2020-01-20 14:40:30.457
415,go out elevator,2020-01-20 14:42:21.595,2020-01-20 14:42:47.634,14.809,,10.185,,88,2020-01-20 14:42:21.595
416,go out elevator,2020-01-20 14:44:01.701,2020-01-20 14:44:26.735,14.148,,9.549,,89,2020-01-20 14:44:01.701
417,go out elevator,2020-01-20 14:45:52.804,2020-01-20 14:46:17.844,13.838,,10.545,,90,2020-01-20 14:45:52.804
418,go out elevator,2020-01-20 14:47:33.129,2020-01-20 14:47:58.171,14.184,,9.584,,91,2020-01-20 14:47:33.129
419,go out elevator,2020-01-20 14:49:22.270,2020-01-20 14:49:47.311,14.045,,11.468,,92,2020-01-20 14:49:22.270
420,go out elevator,2020-01-20 14:50:49.368,2020-01-20 14:51:15.412,14.707,,9.572,,93,2020-01-20 14:50:49.368
421,go out elevator,2020-01-20 14:52:37.705,2020-01-20 14:53:03.756,14.926,,10.928,,94,2020-01-20 14:52:37.705
422,go out elevator,2020-01-20 14:54:05.844,2020-01-20 14:54:31.885,14.546,,8.896,,95,2020-01-20 14:54:05.844
423,go out elevator,2020-01-20 14:56:41.999,2020-01-20 14:57:11.177,18.318,,11.337,,96,2020-01-20 14:56:41.999
424,go out elevator,2020-01-20 14:58:11.235,2020-01-20 14:58:37.275,14.656,,10.206,,97,2020-01-20 14:58:11.235
425,go out elevator,2020-01-20 15:00:23.369,2020-01-20 15:00:48.406,13.695,,11.101,,98,2020-01-20 15:00:23.369
426,go out elevator,2020-01-20 15:02:00.472,2020-01-20 15:02:26.509,15.054,,9.438,,99,2020-01-20 15:02:00.472
427,go in elevator,2020-01-20 15:03:41.583,,,3.608,,,100,2020-01-20 15:03:41.583
428,go out elevator,2020-01-20 15:04:29.637,2020-01-20 15:04:54.676,13.918,,11.036,,100,2020-01-20 15:04:29.637
429,go out elevator,2020-01-20 15:06:11.745,2020-01-20 15:06:38.785,15.646,,9.058,,101,2020-01-20 15:06:11.745
430,go out elevator,2020-01-20 15:08:33.894,2020-01-20 15:08:58.935,14.479,,10.949,,102,2020-01-20 15:08:33.894
431,go out elevator,2020-01-20 15:10:00.119,2020-01-20 15:10:31.149,13.771,,9.61,,103,2020-01-20 15:10:00.119
432,go out elevator,2020-01-20 15:12:07.234,2020-01-20 15:12:32.272,14.353,,11.208,,104,2020-01-20 15:12:07.234
433,go out elevator,2020-01-20 15:13:31.343,2020-01-20 15:13:57.383,14.895,,9.402,,105,2020-01-20 15:13:31.343
434,go out elevator,2020-01-20 15:15:21.659,2020-01-20 15:15:46.693,14.231,,10.909,,106,2020-01-20 15:15:21.659
435,go out elevator,2020-01-20 15:16:48.761,2020-01-20 15:17:14.800,14.587,,9.449,,107,2020-01-20 15:16:48.761
436,go out elevator,2020-01-20 15:19:03.911,2020-01-20 15:19:28.952,13.999,,10.732,,108,2020-01-20 15:19:03.911
437,go out elevator,2020-01-20 15:20:47.143,2020-01-20 15:21:12.215,13.482,,9.142,,109,2020-01-20 15:20:47.143
438,go out elevator,2020-01-20 15:22:27.282,2020-01-20 15:22:52.316,13.854,,10.633,,110,2020-01-20 15:22:27.282
439,go out elevator,2020-01-20 15:24:05.400,2020-01-20 15:24:31.436,14.795,,9.273,,111,2020-01-20 15:24:05.400
440,go in elevator,2020-01-20 15:26:23.525,,,6.795,,,112,2020-01-20 15:26:23.525
441,go out elevator,2020-01-20 15:27:55.616,2020-01-20 15:28:20.651,14.421,,11.889,,112,2020-01-20 15:27:55.616
442,go out elevator,2020-01-20 15:29:22.712,2020-01-20 15:29:47.796,14.26,,9.912,,113,2020-01-20 15:29:22.712
443,go out elevator,2020-01-20 15:31:08.859,2020-01-20 15:31:33.893,13.768,,10.717,,114,2020-01-20 15:31:08.859
444,go out elevator,2020-01-20 15:32:35.968,2020-01-20 15:33:01.004,14.352,,10.309,,115,2020-01-20 15:32:35.968
445,go out elevator,2020-01-20 15:34:36.087,2020-01-20 15:35:01.159,13.917,,11.435,,116,2020-01-20 15:34:36.087
446,go out elevator,2020-01-20 15:36:20.207,2020-01-20 15:36:45.248,14.603,,12.018,,117,2020-01-20 15:36:20.207
447,go out elevator,2020-01-20 15:38:12.343,2020-01-20 15:38:38.381,14.708,,11.29,,118,2020-01-20 15:38:12.343
448,go out elevator,2020-01-20 15:39:41.447,2020-01-20 15:40:07.484,14.744,,9.055,,119,2020-01-20 15:39:41.447
449,go out elevator,2020-01-20 15:41:31.565,2020-01-20 15:41:56.603,14.077,,11.111,,120,2020-01-20 15:41:31.565
450,go out elevator,2020-01-20 15:42:56.665,2020-01-20 15:43:21.704,14.006,,9.616,,121,2020-01-20 15:42:56.665
451,go out elevator,2020-01-20 15:44:40.785,2020-01-20 15:45:04.821,13.272,,11.166,,122,2020-01-20 15:44:40.785
452,go out elevator,2020-01-20 15:46:39.038,2020-01-20 15:47:03.072,12.952,,9.515,,123,2020-01-20 15:46:39.038
453,go out elevator,2020-01-20 15:48:27.146,2020-01-20 15:48:53.185,14.813,,11.263,,124,2020-01-20 15:48:27.146
454,go out elevator,2020-01-20 15:50:00.253,2020-01-20 15:50:26.287,15.369,,9.622,,125,2020-01-20 15:50:00.253
455,go out elevator,2020-01-20 15:52:02.440,2020-01-20 15:52:27.484,14.389,,11.319,,126,2020-01-20 15:52:02.440
456,go out elevator,2020-01-20 15:53:28.551,2020-01-20 15:53:52.594,13.289,,10.175,,127,2020-01-20 15:53:28.551
457,go out elevator,2020-01-20 15:55:16.680,2020-01-20 15:55:41.709,13.811,,11.912,,128,2020-01-20 15:55:16.680
458,go out elevator,2020-01-20 15:56:41.792,2020-01-20 15:57:07.844,14.929,,9.377,,129,2020-01-20 15:56:41.792
459,go out elevator,2020-01-20 15:58:31.949,2020-01-20 15:58:55.991,13.268,,10.973,,130,2020-01-20 15:58:31.949
460,go out elevator,2020-01-20 15:59:58.069,2020-01-20 16:00:23.100,13.621,,8.999,,131,2020-01-20 15:59:58.069
461,go out elevator,2020-01-20 16:01:54.253,2020-01-20 16:02:17.354,15.513,,9.346,,132,2020-01-20 16:01:54.253
462,go out elevator,2020-01-20 16:03:39.437,2020-01-20 16:04:04.481,14.202,,9.35,,133,2020-01-20 16:03:39.437
463,go out elevator,2020-01-20 16:05:52.662,2020-01-20 16:06:17.709,13.993,,9.872,,134,2020-01-20 16:05:52.662
464,go out elevator,2020-01-20 16:07:41.797,2020-01-20 16:08:06.838,14.099,,9.46,,135,2020-01-20 16:07:41.797
465,go out elevator,2020-01-20 16:10:05.016,2020-01-20 16:10:29.043,13.47,,10.55,,136,2020-01-20 16:10:05.016
466,go out elevator,2020-01-20 16:24:03.495,2020-01-20 16:24:28.532,13.872,,8.889,,137,2020-01-20 16:24:03.495
467,go out elevator,2020-01-20 16:26:21.611,2020-01-20 16:26:46.702,14.5,,10.065,,138,2020-01-20 16:26:21.611
468,go out elevator,2020-01-20 16:28:28.815,2020-01-20 16:28:52.855,13.557,,9.951,,139,2020-01-20 16:28:28.815
469,go out elevator,2020-01-20 16:30:42.937,2020-01-20 16:31:07.974,13.765,,9.074,,140,2020-01-20 16:30:42.937
470,go out elevator,2020-01-20 16:32:29.050,2020-01-20 16:32:53.253,13.262,,9.154,,141,2020-01-20 16:32:29.050
471,go out elevator,2020-01-20 16:34:41.404,2020-01-20 16:35:05.445,13.098,,9.55,,142,2020-01-20 16:34:41.404
472,go out elevator,2020-01-20 16:36:28.522,2020-01-20 16:36:52.605,13.368,,9.57,,143,2020-01-20 16:36:28.522
473,go out elevator,2020-01-20 16:39:19.742,2020-01-20 16:39:43.783,13.181,,9.596,,144,2020-01-20 16:39:19.742
474,go out elevator,2020-01-20 16:41:09.863,2020-01-20 16:41:33.904,13.798,,9.776,,145,2020-01-20 16:41:09.863
475,go out elevator,2020-01-20 16:43:17.049,2020-01-20 16:43:41.091,12.926,,9.321,,146,2020-01-20 16:43:17.049
476,go out elevator,2020-01-20 16:45:02.175,2020-01-20 16:45:26.206,13.813,,9.91,,147,2020-01-20 16:45:02.175
477,go in elevator,2020-01-20 16:47:28.317,,,3.941,,,148,2020-01-20 16:47:28.317
478,go out elevator,2020-01-20 16:48:48.401,2020-01-20 16:49:13.545,13.825,,10.012,,148,2020-01-20 16:48:48.401
479,go out elevator,2020-01-20 16:51:04.626,2020-01-20 16:51:29.661,13.98,,9.086,,149,2020-01-20 16:51:04.626
480,go out elevator,2020-01-20 16:53:39.764,2020-01-20 16:54:03.803,13.268,,10.249,,150,2020-01-20 16:53:39.764
481,go out elevator,2020-01-20 16:55:48.929,2020-01-20 16:56:10.099,13.406,,10.604,,151,2020-01-20 16:55:48.929
